<?xml version="1.0" encoding="utf-8" ?><sliders version="1.0.26"><slider><id value="74" /><name value="Layer Slider" /><published value="1" /><full_width value="1" /><width value="1903" /><height value="800" /><bg_fit value="cover" /><align value="center" /><effect value="tilesR" /><time_intervval value="6" /><autoplay value="1" /><shuffle value="0" /><music value="0" /><music_url value="" /><preload_images value="1" /><background_color value="000000" /><background_transparent value="100" /><glb_border_width value="0" /><glb_border_style value="none" /><glb_border_color value="000000" /><glb_border_radius value="" /><glb_margin value="0" /><glb_box_shadow value="" /><image_right_click value="0" /><layer_out_next value="0" /><prev_next_butt value="1" /><play_paus_butt value="0" /><navigation value="hover" /><rl_butt_style value="fa-angle" /><rl_butt_size value="46" /><pp_butt_size value="40" /><butts_color value="000000" /><butts_transparent value="100" /><hover_color value="000000" /><nav_border_width value="0" /><nav_border_style value="none" /><nav_border_color value="FFFFFF" /><nav_border_radius value="20px" /><nav_bg_color value="FFFFFF" /><bull_position value="none" /><bull_style value="fa-square-o" /><bull_size value="20" /><bull_color value="FFFFFF" /><bull_act_color value="FFFFFF" /><bull_margin value="3" /><film_pos value="none" /><film_thumb_width value="100" /><film_thumb_height value="50" /><film_bg_color value="000000" /><film_tmb_margin value="0" /><film_act_border_width value="0" /><film_act_border_style value="none" /><film_act_border_color value="FFFFFF" /><film_dac_transparent value="50" /><built_in_watermark_type value="none" /><built_in_watermark_position value="middle-center" /><built_in_watermark_size value="15" /><built_in_watermark_url value="" /><built_in_watermark_text value="web-dorado.com" /><built_in_watermark_font_size value="20" /><built_in_watermark_font value="arial.ttf" /><built_in_watermark_color value="FFFFFF" /><built_in_watermark_opacity value="70" /><css value="" /><timer_bar_type value="top" /><timer_bar_size value="5" /><timer_bar_color value="BBBBBB" /><timer_bar_transparent value="50" /><spider_uploader value="1" /><stop_animation value="0" /><right_butt_url value="@#$%/wp-content/plugins/slider-wd/images/arrow/arrow3/3/2.png" /><left_butt_url value="@#$%/wp-content/plugins/slider-wd/images/arrow/arrow3/3/1.png" /><right_butt_hov_url value="@#$%/wp-content/plugins/slider-wd/images/arrow/arrow3/3/4.png" /><left_butt_hov_url value="@#$%/wp-content/plugins/slider-wd/images/arrow/arrow3/3/3.png" /><rl_butt_img_or_not value="our" /><bullets_img_main_url value="@#$%/wp-content/plugins/slider-wd/images/bullet/bullet1/4/1.png" /><bullets_img_hov_url value="@#$%/wp-content/plugins/slider-wd/images/bullet/bullet1/4/2.png" /><bull_butt_img_or_not value="our" /><play_butt_url value="@#$%/wp-content/plugins/slider-wd/images/button/button4/1/1.png" /><paus_butt_url value="@#$%/wp-content/plugins/slider-wd/images/button/button4/1/3.png" /><play_butt_hov_url value="@#$%/wp-content/plugins/slider-wd/images/button/button4/1/2.png" /><paus_butt_hov_url value="@#$%/wp-content/plugins/slider-wd/images/button/button4/1/4.png" /><play_paus_butt_img_or_not value="style" /><start_slide_num value="1" /><effect_duration value="600" /><carousel value="0" /><carousel_image_counts value="7" /><carousel_image_parameters value="0.85" /><carousel_fit_containerWidth value="0" /><carousel_width value="1000" /><parallax_effect value="0" /><slide><id value="208" /><slider_id value="74" /><title value="Slide 1" /><type value="image" /><image_url value="@#$%25.png" /><thumb_url value="@#$%25.png" /><published value="1" /><link value="" /><order value="1" /><target_attr_slide value="1" /><layer><id value="1954" /><title value="Layer 1" /><slide_id value="208" /><type value="image" /><depth value="6" /><text value="" /><link value="" /><left value="1731" /><top value="263" /><start value="2200" /><end value="1000" /><published value="1" /><color value="" /><size value="0" /><ffamily value="" /><fweight value="" /><padding value="" /><fbgcolor value="" /><transparent value="0" /><border_width value="2" /><border_style value="none" /><border_color value="FFFFFF" /><border_radius value="2px" /><shadow value="" /><image_url value="@#$%3d-1.png" /><image_width value="133" /><image_height value="133" /><image_scale value="on" /><alt value="" /><imgtransparent value="0" /><social_button value="" /><hover_color value="" /><layer_effect_in value="fadeInLeft" /><duration_eff_in value="2300" /><layer_effect_out value="none" /><duration_eff_out value="1000" /><target_attr_layer value="1" /><hotp_width value="0" /><hotp_fbgcolor value="" /><hotp_border_width value="0" /><hotp_border_style value="" /><hotp_border_color value="" /><hotp_border_radius value="" /><hotp_text_position value="" /></layer><layer><id value="1956" /><title value="Layer 2" /><slide_id value="208" /><type value="image" /><depth value="7" /><text value="" /><link value="" /><left value="1524" /><top value="266" /><start value="2300" /><end value="1000" /><published value="1" /><color value="" /><size value="0" /><ffamily value="" /><fweight value="" /><padding value="" /><fbgcolor value="" /><transparent value="0" /><border_width value="2" /><border_style value="none" /><border_color value="FFFFFF" /><border_radius value="2px" /><shadow value="" /><image_url value="@#$%22.png" /><image_width value="184" /><image_height value="184" /><image_scale value="on" /><alt value="" /><imgtransparent value="0" /><social_button value="" /><hover_color value="" /><layer_effect_in value="fadeInLeft" /><duration_eff_in value="2400" /><layer_effect_out value="none" /><duration_eff_out value="1000" /><target_attr_layer value="1" /><hotp_width value="0" /><hotp_fbgcolor value="" /><hotp_border_width value="0" /><hotp_border_style value="" /><hotp_border_color value="" /><hotp_border_radius value="" /><hotp_text_position value="" /></layer><layer><id value="1958" /><title value="Layer 3" /><slide_id value="208" /><type value="image" /><depth value="8" /><text value="" /><link value="" /><left value="71" /><top value="89" /><start value="2200" /><end value="1000" /><published value="1" /><color value="" /><size value="0" /><ffamily value="" /><fweight value="" /><padding value="" /><fbgcolor value="" /><transparent value="0" /><border_width value="2" /><border_style value="none" /><border_color value="FFFFFF" /><border_radius value="2px" /><shadow value="" /><image_url value="@#$%28.png" /><image_width value="126" /><image_height value="126" /><image_scale value="on" /><alt value="" /><imgtransparent value="0" /><social_button value="" /><hover_color value="" /><layer_effect_in value="fadeInRight" /><duration_eff_in value="2300" /><layer_effect_out value="none" /><duration_eff_out value="1000" /><target_attr_layer value="1" /><hotp_width value="0" /><hotp_fbgcolor value="" /><hotp_border_width value="0" /><hotp_border_style value="" /><hotp_border_color value="" /><hotp_border_radius value="" /><hotp_text_position value="" /></layer><layer><id value="1960" /><title value="Layer 4" /><slide_id value="208" /><type value="image" /><depth value="9" /><text value="" /><link value="" /><left value="634" /><top value="393" /><start value="2300" /><end value="1000" /><published value="1" /><color value="" /><size value="0" /><ffamily value="" /><fweight value="" /><padding value="" /><fbgcolor value="" /><transparent value="0" /><border_width value="2" /><border_style value="none" /><border_color value="FFFFFF" /><border_radius value="2px" /><shadow value="" /><image_url value="@#$%27.png" /><image_width value="122" /><image_height value="122" /><image_scale value="on" /><alt value="" /><imgtransparent value="0" /><social_button value="" /><hover_color value="" /><layer_effect_in value="fadeInRight" /><duration_eff_in value="2400" /><layer_effect_out value="none" /><duration_eff_out value="1000" /><target_attr_layer value="1" /><hotp_width value="0" /><hotp_fbgcolor value="" /><hotp_border_width value="0" /><hotp_border_style value="" /><hotp_border_color value="" /><hotp_border_radius value="" /><hotp_text_position value="" /></layer><layer><id value="1962" /><title value="Layer 6" /><slide_id value="208" /><type value="image" /><depth value="10" /><text value="" /><link value="" /><left value="1564" /><top value="45" /><start value="2200" /><end value="1000" /><published value="1" /><color value="" /><size value="0" /><ffamily value="" /><fweight value="" /><padding value="" /><fbgcolor value="" /><transparent value="0" /><border_width value="2" /><border_style value="none" /><border_color value="FFFFFF" /><border_radius value="2px" /><shadow value="" /><image_url value="@#$%34.png" /><image_width value="137" /><image_height value="137" /><image_scale value="on" /><alt value="" /><imgtransparent value="0" /><social_button value="" /><hover_color value="" /><layer_effect_in value="fadeInLeft" /><duration_eff_in value="2300" /><layer_effect_out value="none" /><duration_eff_out value="1000" /><target_attr_layer value="1" /><hotp_width value="0" /><hotp_fbgcolor value="" /><hotp_border_width value="0" /><hotp_border_style value="" /><hotp_border_color value="" /><hotp_border_radius value="" /><hotp_text_position value="" /></layer><layer><id value="1964" /><title value="Layer 7" /><slide_id value="208" /><type value="image" /><depth value="11" /><text value="" /><link value="" /><left value="1383" /><top value="95" /><start value="2300" /><end value="1000" /><published value="1" /><color value="" /><size value="0" /><ffamily value="" /><fweight value="" /><padding value="" /><fbgcolor value="" /><transparent value="0" /><border_width value="2" /><border_style value="none" /><border_color value="FFFFFF" /><border_radius value="2px" /><shadow value="" /><image_url value="@#$%33.png" /><image_width value="186" /><image_height value="186" /><image_scale value="on" /><alt value="" /><imgtransparent value="0" /><social_button value="" /><hover_color value="" /><layer_effect_in value="fadeInLeft" /><duration_eff_in value="2400" /><layer_effect_out value="none" /><duration_eff_out value="1000" /><target_attr_layer value="1" /><hotp_width value="0" /><hotp_fbgcolor value="" /><hotp_border_width value="0" /><hotp_border_style value="" /><hotp_border_color value="" /><hotp_border_radius value="" /><hotp_text_position value="" /></layer><layer><id value="1966" /><title value="Layer 8" /><slide_id value="208" /><type value="image" /><depth value="12" /><text value="" /><link value="" /><left value="89" /><top value="586" /><start value="2200" /><end value="1000" /><published value="1" /><color value="" /><size value="0" /><ffamily value="" /><fweight value="" /><padding value="" /><fbgcolor value="" /><transparent value="0" /><border_width value="2" /><border_style value="none" /><border_color value="FFFFFF" /><border_radius value="2px" /><shadow value="" /><image_url value="@#$%36.png" /><image_width value="137" /><image_height value="137" /><image_scale value="on" /><alt value="" /><imgtransparent value="0" /><social_button value="" /><hover_color value="" /><layer_effect_in value="fadeInRight" /><duration_eff_in value="2300" /><layer_effect_out value="none" /><duration_eff_out value="1000" /><target_attr_layer value="1" /><hotp_width value="0" /><hotp_fbgcolor value="" /><hotp_border_width value="0" /><hotp_border_style value="" /><hotp_border_color value="" /><hotp_border_radius value="" /><hotp_text_position value="" /></layer><layer><id value="1968" /><title value="Layer 9" /><slide_id value="208" /><type value="image" /><depth value="13" /><text value="" /><link value="" /><left value="482" /><top value="514" /><start value="2300" /><end value="1000" /><published value="1" /><color value="" /><size value="0" /><ffamily value="" /><fweight value="" /><padding value="" /><fbgcolor value="" /><transparent value="0" /><border_width value="2" /><border_style value="none" /><border_color value="FFFFFF" /><border_radius value="2px" /><shadow value="" /><image_url value="@#$%35.png" /><image_width value="135" /><image_height value="135" /><image_scale value="on" /><alt value="" /><imgtransparent value="0" /><social_button value="" /><hover_color value="" /><layer_effect_in value="fadeInRight" /><duration_eff_in value="2400" /><layer_effect_out value="none" /><duration_eff_out value="1000" /><target_attr_layer value="1" /><hotp_width value="0" /><hotp_fbgcolor value="" /><hotp_border_width value="0" /><hotp_border_style value="" /><hotp_border_color value="" /><hotp_border_radius value="" /><hotp_text_position value="" /></layer><layer><id value="1970" /><title value="Layer 10" /><slide_id value="208" /><type value="image" /><depth value="3" /><text value="" /><link value="" /><left value="556" /><top value="152" /><start value="1000" /><end value="1100" /><published value="1" /><color value="" /><size value="0" /><ffamily value="" /><fweight value="" /><padding value="" /><fbgcolor value="" /><transparent value="0" /><border_width value="2" /><border_style value="none" /><border_color value="FFFFFF" /><border_radius value="2px" /><shadow value="" /><image_url value="@#$%38.png" /><image_width value="800" /><image_height value="621" /><image_scale value="on" /><alt value="" /><imgtransparent value="0" /><social_button value="" /><hover_color value="" /><layer_effect_in value="fadeIn" /><duration_eff_in value="1100" /><layer_effect_out value="none" /><duration_eff_out value="1000" /><target_attr_layer value="1" /><hotp_width value="0" /><hotp_fbgcolor value="" /><hotp_border_width value="0" /><hotp_border_style value="" /><hotp_border_color value="" /><hotp_border_radius value="" /><hotp_text_position value="" /></layer><layer><id value="1972" /><title value="Layer 11" /><slide_id value="208" /><type value="image" /><depth value="4" /><text value="" /><link value="" /><left value="645" /><top value="231" /><start value="1100" /><end value="3000" /><published value="1" /><color value="" /><size value="0" /><ffamily value="" /><fweight value="" /><padding value="" /><fbgcolor value="" /><transparent value="0" /><border_width value="2" /><border_style value="none" /><border_color value="FFFFFF" /><border_radius value="2px" /><shadow value="" /><image_url value="@#$%39.png" /><image_width value="617" /><image_height value="463" /><image_scale value="on" /><alt value="" /><imgtransparent value="0" /><social_button value="" /><hover_color value="" /><layer_effect_in value="fadeIn" /><duration_eff_in value="1200" /><layer_effect_out value="none" /><duration_eff_out value="1000" /><target_attr_layer value="1" /><hotp_width value="0" /><hotp_fbgcolor value="" /><hotp_border_width value="0" /><hotp_border_style value="" /><hotp_border_color value="" /><hotp_border_radius value="" /><hotp_text_position value="" /></layer><layer><id value="1974" /><title value="Layer 12" /><slide_id value="208" /><type value="image" /><depth value="5" /><text value="" /><link value="" /><left value="782" /><top value="285" /><start value="2000" /><end value="3000" /><published value="1" /><color value="" /><size value="0" /><ffamily value="" /><fweight value="" /><padding value="" /><fbgcolor value="" /><transparent value="0" /><border_width value="2" /><border_style value="none" /><border_color value="FFFFFF" /><border_radius value="2px" /><shadow value="" /><image_url value="@#$%40.png" /><image_width value="349" /><image_height value="324" /><image_scale value="on" /><alt value="" /><imgtransparent value="0" /><social_button value="" /><hover_color value="" /><layer_effect_in value="pulse" /><duration_eff_in value="2400" /><layer_effect_out value="none" /><duration_eff_out value="1000" /><target_attr_layer value="1" /><hotp_width value="0" /><hotp_fbgcolor value="" /><hotp_border_width value="0" /><hotp_border_style value="" /><hotp_border_color value="" /><hotp_border_radius value="" /><hotp_text_position value="" /></layer><layer><id value="1976" /><title value="Layer 13" /><slide_id value="208" /><type value="image" /><depth value="14" /><text value="" /><link value="" /><left value="1728" /><top value="512" /><start value="2200" /><end value="1000" /><published value="1" /><color value="" /><size value="0" /><ffamily value="" /><fweight value="" /><padding value="" /><fbgcolor value="" /><transparent value="0" /><border_width value="2" /><border_style value="none" /><border_color value="FFFFFF" /><border_radius value="2px" /><shadow value="" /><image_url value="@#$%43.png" /><image_width value="140" /><image_height value="140" /><image_scale value="on" /><alt value="" /><imgtransparent value="0" /><social_button value="" /><hover_color value="" /><layer_effect_in value="fadeInLeft" /><duration_eff_in value="2300" /><layer_effect_out value="none" /><duration_eff_out value="1000" /><target_attr_layer value="1" /><hotp_width value="0" /><hotp_fbgcolor value="" /><hotp_border_width value="0" /><hotp_border_style value="" /><hotp_border_color value="" /><hotp_border_radius value="" /><hotp_text_position value="" /></layer><layer><id value="1978" /><title value="Layer 14" /><slide_id value="208" /><type value="image" /><depth value="15" /><text value="" /><link value="" /><left value="1491" /><top value="460" /><start value="2300" /><end value="1000" /><published value="1" /><color value="" /><size value="0" /><ffamily value="" /><fweight value="" /><padding value="" /><fbgcolor value="" /><transparent value="0" /><border_width value="2" /><border_style value="none" /><border_color value="FFFFFF" /><border_radius value="2px" /><shadow value="" /><image_url value="@#$%41.png" /><image_width value="188" /><image_height value="188" /><image_scale value="on" /><alt value="" /><imgtransparent value="0" /><social_button value="" /><hover_color value="" /><layer_effect_in value="fadeInLeft" /><duration_eff_in value="2400" /><layer_effect_out value="none" /><duration_eff_out value="1000" /><target_attr_layer value="1" /><hotp_width value="0" /><hotp_fbgcolor value="" /><hotp_border_width value="0" /><hotp_border_style value="" /><hotp_border_color value="" /><hotp_border_radius value="" /><hotp_text_position value="" /></layer><layer><id value="1980" /><title value="Layer 15" /><slide_id value="208" /><type value="image" /><depth value="16" /><text value="" /><link value="" /><left value="1440" /><top value="403" /><start value="2200" /><end value="1000" /><published value="1" /><color value="" /><size value="0" /><ffamily value="" /><fweight value="" /><padding value="" /><fbgcolor value="" /><transparent value="0" /><border_width value="2" /><border_style value="none" /><border_color value="FFFFFF" /><border_radius value="2px" /><shadow value="" /><image_url value="@#$%45.png" /><image_width value="104" /><image_height value="104" /><image_scale value="on" /><alt value="" /><imgtransparent value="0" /><social_button value="" /><hover_color value="" /><layer_effect_in value="fadeInLeft" /><duration_eff_in value="2300" /><layer_effect_out value="none" /><duration_eff_out value="1000" /><target_attr_layer value="1" /><hotp_width value="0" /><hotp_fbgcolor value="" /><hotp_border_width value="0" /><hotp_border_style value="" /><hotp_border_color value="" /><hotp_border_radius value="" /><hotp_text_position value="" /></layer><layer><id value="1982" /><title value="Layer 16" /><slide_id value="208" /><type value="image" /><depth value="17" /><text value="" /><link value="" /><left value="1332" /><top value="282" /><start value="2300" /><end value="1000" /><published value="1" /><color value="" /><size value="0" /><ffamily value="" /><fweight value="" /><padding value="" /><fbgcolor value="" /><transparent value="0" /><border_width value="2" /><border_style value="none" /><border_color value="FFFFFF" /><border_radius value="2px" /><shadow value="" /><image_url value="@#$%44.png" /><image_width value="154" /><image_height value="154" /><image_scale value="on" /><alt value="" /><imgtransparent value="0" /><social_button value="" /><hover_color value="" /><layer_effect_in value="fadeInLeft" /><duration_eff_in value="2400" /><layer_effect_out value="none" /><duration_eff_out value="1000" /><target_attr_layer value="1" /><hotp_width value="0" /><hotp_fbgcolor value="" /><hotp_border_width value="0" /><hotp_border_style value="" /><hotp_border_color value="" /><hotp_border_radius value="" /><hotp_text_position value="" /></layer><layer><id value="1984" /><title value="Layer 17" /><slide_id value="208" /><type value="image" /><depth value="18" /><text value="" /><link value="" /><left value="319" /><top value="60" /><start value="2200" /><end value="1000" /><published value="1" /><color value="" /><size value="0" /><ffamily value="" /><fweight value="" /><padding value="" /><fbgcolor value="" /><transparent value="0" /><border_width value="2" /><border_style value="none" /><border_color value="FFFFFF" /><border_radius value="2px" /><shadow value="" /><image_url value="@#$%37.png" /><image_width value="110" /><image_height value="110" /><image_scale value="on" /><alt value="" /><imgtransparent value="0" /><social_button value="" /><hover_color value="" /><layer_effect_in value="fadeInRight" /><duration_eff_in value="2300" /><layer_effect_out value="none" /><duration_eff_out value="1000" /><target_attr_layer value="1" /><hotp_width value="0" /><hotp_fbgcolor value="" /><hotp_border_width value="0" /><hotp_border_style value="" /><hotp_border_color value="" /><hotp_border_radius value="" /><hotp_text_position value="" /></layer><layer><id value="1986" /><title value="Layer 18" /><slide_id value="208" /><type value="image" /><depth value="19" /><text value="" /><link value="" /><left value="381" /><top value="135" /><start value="2300" /><end value="1000" /><published value="1" /><color value="" /><size value="0" /><ffamily value="" /><fweight value="" /><padding value="" /><fbgcolor value="" /><transparent value="0" /><border_width value="2" /><border_style value="none" /><border_color value="FFFFFF" /><border_radius value="2px" /><shadow value="" /><image_url value="@#$%46.png" /><image_width value="186" /><image_height value="186" /><image_scale value="on" /><alt value="" /><imgtransparent value="0" /><social_button value="" /><hover_color value="" /><layer_effect_in value="fadeInRight" /><duration_eff_in value="2400" /><layer_effect_out value="none" /><duration_eff_out value="1000" /><target_attr_layer value="1" /><hotp_width value="0" /><hotp_fbgcolor value="" /><hotp_border_width value="0" /><hotp_border_style value="" /><hotp_border_color value="" /><hotp_border_radius value="" /><hotp_text_position value="" /></layer><layer><id value="1988" /><title value="Layer 19" /><slide_id value="208" /><type value="image" /><depth value="20" /><text value="" /><link value="" /><left value="231" /><top value="198" /><start value="2200" /><end value="1000" /><published value="1" /><color value="" /><size value="0" /><ffamily value="" /><fweight value="" /><padding value="" /><fbgcolor value="" /><transparent value="0" /><border_width value="2" /><border_style value="none" /><border_color value="FFFFFF" /><border_radius value="2px" /><shadow value="" /><image_url value="@#$%49.png" /><image_width value="110" /><image_height value="110" /><image_scale value="on" /><alt value="" /><imgtransparent value="0" /><social_button value="" /><hover_color value="" /><layer_effect_in value="fadeInRight" /><duration_eff_in value="2300" /><layer_effect_out value="none" /><duration_eff_out value="1000" /><target_attr_layer value="1" /><hotp_width value="0" /><hotp_fbgcolor value="" /><hotp_border_width value="0" /><hotp_border_style value="" /><hotp_border_color value="" /><hotp_border_radius value="" /><hotp_text_position value="" /></layer><layer><id value="1990" /><title value="Layer 22" /><slide_id value="208" /><type value="image" /><depth value="21" /><text value="" /><link value="" /><left value="463" /><top value="318" /><start value="2300" /><end value="1000" /><published value="1" /><color value="" /><size value="0" /><ffamily value="" /><fweight value="" /><padding value="" /><fbgcolor value="" /><transparent value="0" /><border_width value="2" /><border_style value="none" /><border_color value="FFFFFF" /><border_radius value="2px" /><shadow value="" /><image_url value="@#$%48.png" /><image_width value="154" /><image_height value="154" /><image_scale value="on" /><alt value="" /><imgtransparent value="0" /><social_button value="" /><hover_color value="" /><layer_effect_in value="fadeInRight" /><duration_eff_in value="2400" /><layer_effect_out value="none" /><duration_eff_out value="1000" /><target_attr_layer value="1" /><hotp_width value="0" /><hotp_fbgcolor value="" /><hotp_border_width value="0" /><hotp_border_style value="" /><hotp_border_color value="" /><hotp_border_radius value="" /><hotp_text_position value="" /></layer><layer><id value="1992" /><title value="Layer 23" /><slide_id value="208" /><type value="image" /><depth value="22" /><text value="" /><link value="" /><left value="242" /><top value="308" /><start value="2300" /><end value="1000" /><published value="1" /><color value="" /><size value="0" /><ffamily value="" /><fweight value="" /><padding value="" /><fbgcolor value="" /><transparent value="0" /><border_width value="2" /><border_style value="none" /><border_color value="FFFFFF" /><border_radius value="2px" /><shadow value="" /><image_url value="@#$%47.png" /><image_width value="184" /><image_height value="184" /><image_scale value="on" /><alt value="" /><imgtransparent value="0" /><social_button value="" /><hover_color value="" /><layer_effect_in value="fadeInRight" /><duration_eff_in value="2400" /><layer_effect_out value="none" /><duration_eff_out value="1000" /><target_attr_layer value="1" /><hotp_width value="0" /><hotp_fbgcolor value="" /><hotp_border_width value="0" /><hotp_border_style value="" /><hotp_border_color value="" /><hotp_border_radius value="" /><hotp_text_position value="" /></layer><layer><id value="1994" /><title value="Layer 24" /><slide_id value="208" /><type value="image" /><depth value="23" /><text value="" /><link value="" /><left value="1678" /><top value="653" /><start value="2200" /><end value="1000" /><published value="1" /><color value="" /><size value="0" /><ffamily value="" /><fweight value="" /><padding value="" /><fbgcolor value="" /><transparent value="0" /><border_width value="2" /><border_style value="none" /><border_color value="FFFFFF" /><border_radius value="2px" /><shadow value="" /><image_url value="@#$%54.png" /><image_width value="126" /><image_height value="126" /><image_scale value="on" /><alt value="" /><imgtransparent value="0" /><social_button value="" /><hover_color value="" /><layer_effect_in value="fadeInLeft" /><duration_eff_in value="2300" /><layer_effect_out value="none" /><duration_eff_out value="1000" /><target_attr_layer value="1" /><hotp_width value="0" /><hotp_fbgcolor value="" /><hotp_border_width value="0" /><hotp_border_style value="" /><hotp_border_color value="" /><hotp_border_radius value="" /><hotp_text_position value="" /></layer><layer><id value="1996" /><title value="Layer 25" /><slide_id value="208" /><type value="image" /><depth value="24" /><text value="" /><link value="" /><left value="1514" /><top value="658" /><start value="2300" /><end value="1000" /><published value="1" /><color value="" /><size value="0" /><ffamily value="" /><fweight value="" /><padding value="" /><fbgcolor value="" /><transparent value="0" /><border_width value="2" /><border_style value="none" /><border_color value="FFFFFF" /><border_radius value="2px" /><shadow value="" /><image_url value="@#$%53.png" /><image_width value="122" /><image_height value="122" /><image_scale value="on" /><alt value="" /><imgtransparent value="0" /><social_button value="" /><hover_color value="" /><layer_effect_in value="fadeInLeft" /><duration_eff_in value="2400" /><layer_effect_out value="none" /><duration_eff_out value="1000" /><target_attr_layer value="1" /><hotp_width value="0" /><hotp_fbgcolor value="" /><hotp_border_width value="0" /><hotp_border_style value="" /><hotp_border_color value="" /><hotp_border_radius value="" /><hotp_text_position value="" /></layer><layer><id value="1998" /><title value="Layer 26" /><slide_id value="208" /><type value="image" /><depth value="25" /><text value="" /><link value="" /><left value="337" /><top value="676" /><start value="2200" /><end value="1000" /><published value="1" /><color value="" /><size value="0" /><ffamily value="" /><fweight value="" /><padding value="" /><fbgcolor value="" /><transparent value="0" /><border_width value="2" /><border_style value="none" /><border_color value="FFFFFF" /><border_radius value="2px" /><shadow value="" /><image_url value="@#$%57.png" /><image_width value="117" /><image_height value="117" /><image_scale value="on" /><alt value="" /><imgtransparent value="0" /><social_button value="" /><hover_color value="" /><layer_effect_in value="fadeInRight" /><duration_eff_in value="2300" /><layer_effect_out value="none" /><duration_eff_out value="1000" /><target_attr_layer value="1" /><hotp_width value="0" /><hotp_fbgcolor value="" /><hotp_border_width value="0" /><hotp_border_style value="" /><hotp_border_color value="" /><hotp_border_radius value="" /><hotp_text_position value="" /></layer><layer><id value="2000" /><title value="Layer 27" /><slide_id value="208" /><type value="image" /><depth value="26" /><text value="" /><link value="" /><left value="272" /><top value="497" /><start value="2300" /><end value="1000" /><published value="1" /><color value="" /><size value="0" /><ffamily value="" /><fweight value="" /><padding value="" /><fbgcolor value="" /><transparent value="0" /><border_width value="2" /><border_style value="none" /><border_color value="FFFFFF" /><border_radius value="2px" /><shadow value="" /><image_url value="@#$%56.png" /><image_width value="188" /><image_height value="188" /><image_scale value="on" /><alt value="" /><imgtransparent value="0" /><social_button value="" /><hover_color value="" /><layer_effect_in value="fadeInRight" /><duration_eff_in value="2400" /><layer_effect_out value="none" /><duration_eff_out value="1000" /><target_attr_layer value="1" /><hotp_width value="0" /><hotp_fbgcolor value="" /><hotp_border_width value="0" /><hotp_border_style value="" /><hotp_border_color value="" /><hotp_border_radius value="" /><hotp_text_position value="" /></layer><layer><id value="2002" /><title value="Layer 28" /><slide_id value="208" /><type value="image" /><depth value="28" /><text value="" /><link value="" /><left value="1404" /><top value="568" /><start value="2200" /><end value="1000" /><published value="1" /><color value="" /><size value="0" /><ffamily value="" /><fweight value="" /><padding value="" /><fbgcolor value="" /><transparent value="0" /><border_width value="2" /><border_style value="none" /><border_color value="FFFFFF" /><border_radius value="2px" /><shadow value="" /><image_url value="@#$%62.png" /><image_width value="85" /><image_height value="85" /><image_scale value="on" /><alt value="" /><imgtransparent value="0" /><social_button value="" /><hover_color value="" /><layer_effect_in value="fadeInLeft" /><duration_eff_in value="2300" /><layer_effect_out value="none" /><duration_eff_out value="1000" /><target_attr_layer value="1" /><hotp_width value="0" /><hotp_fbgcolor value="" /><hotp_border_width value="0" /><hotp_border_style value="" /><hotp_border_color value="" /><hotp_border_radius value="" /><hotp_text_position value="" /></layer><layer><id value="2004" /><title value="Layer 29" /><slide_id value="208" /><type value="image" /><depth value="30" /><text value="" /><link value="" /><left value="1337" /><top value="473" /><start value="2300" /><end value="1000" /><published value="1" /><color value="" /><size value="0" /><ffamily value="" /><fweight value="" /><padding value="" /><fbgcolor value="" /><transparent value="0" /><border_width value="2" /><border_style value="none" /><border_color value="FFFFFF" /><border_radius value="2px" /><shadow value="" /><image_url value="@#$%61.png" /><image_width value="135" /><image_height value="135" /><image_scale value="on" /><alt value="" /><imgtransparent value="0" /><social_button value="" /><hover_color value="" /><layer_effect_in value="fadeInLeft" /><duration_eff_in value="2400" /><layer_effect_out value="none" /><duration_eff_out value="1000" /><target_attr_layer value="1" /><hotp_width value="0" /><hotp_fbgcolor value="" /><hotp_border_width value="0" /><hotp_border_style value="" /><hotp_border_color value="" /><hotp_border_radius value="" /><hotp_text_position value="" /></layer><layer><id value="2006" /><title value="Layer 27" /><slide_id value="208" /><type value="image" /><depth value="27" /><text value="" /><link value="" /><left value="70" /><top value="416" /><start value="2200" /><end value="1000" /><published value="1" /><color value="" /><size value="0" /><ffamily value="" /><fweight value="" /><padding value="" /><fbgcolor value="" /><transparent value="0" /><border_width value="2" /><border_style value="none" /><border_color value="FFFFFF" /><border_radius value="2px" /><shadow value="" /><image_url value="@#$%52.png" /><image_width value="137" /><image_height value="137" /><image_scale value="on" /><alt value="" /><imgtransparent value="0" /><social_button value="" /><hover_color value="" /><layer_effect_in value="fadeInRight" /><duration_eff_in value="2300" /><layer_effect_out value="none" /><duration_eff_out value="1000" /><target_attr_layer value="1" /><hotp_width value="0" /><hotp_fbgcolor value="" /><hotp_border_width value="0" /><hotp_border_style value="" /><hotp_border_color value="" /><hotp_border_radius value="" /><hotp_text_position value="" /></layer><layer><id value="2008" /><title value="Layer 28" /><slide_id value="208" /><type value="image" /><depth value="29" /><text value="" /><link value="https://web-dorado.com/products/wordpress-slider-plugin.html" /><left value="796" /><top value="296" /><start value="1100" /><end value="3000" /><published value="1" /><color value="" /><size value="0" /><ffamily value="" /><fweight value="" /><padding value="" /><fbgcolor value="" /><transparent value="0" /><border_width value="2" /><border_style value="none" /><border_color value="FFFFFF" /><border_radius value="2px" /><shadow value="" /><image_url value="@#$%51.png" /><image_width value="319" /><image_height value="294" /><image_scale value="on" /><alt value="" /><imgtransparent value="0" /><social_button value="" /><hover_color value="" /><layer_effect_in value="fadeIn" /><duration_eff_in value="1200" /><layer_effect_out value="none" /><duration_eff_out value="1000" /><target_attr_layer value="1" /><hotp_width value="0" /><hotp_fbgcolor value="" /><hotp_border_width value="0" /><hotp_border_style value="" /><hotp_border_color value="" /><hotp_border_radius value="" /><hotp_text_position value="" /></layer><layer><id value="2010" /><title value="Layer 29" /><slide_id value="208" /><type value="image" /><depth value="31" /><text value="" /><link value="" /><left value="923" /><top value="427" /><start value="1200" /><end value="3000" /><published value="1" /><color value="" /><size value="0" /><ffamily value="" /><fweight value="" /><padding value="" /><fbgcolor value="" /><transparent value="0" /><border_width value="2" /><border_style value="none" /><border_color value="FFFFFF" /><border_radius value="2px" /><shadow value="" /><image_url value="@#$%29.png" /><image_width value="443" /><image_height value="373" /><image_scale value="on" /><alt value="" /><imgtransparent value="0" /><social_button value="" /><hover_color value="" /><layer_effect_in value="fadeInUp" /><duration_eff_in value="1300" /><layer_effect_out value="none" /><duration_eff_out value="1000" /><target_attr_layer value="1" /><hotp_width value="0" /><hotp_fbgcolor value="" /><hotp_border_width value="0" /><hotp_border_style value="" /><hotp_border_color value="" /><hotp_border_radius value="" /><hotp_text_position value="" /></layer><layer><id value="2012" /><title value="Layer 30" /><slide_id value="208" /><type value="text" /><depth value="2" /><text value="WordPress Slider WD plugin" /><link value="https://web-dorado.com/products/wordpress-slider-plugin.html" /><left value="663" /><top value="27" /><start value="1000" /><end value="1000" /><published value="1" /><color value="FFFFFF" /><size value="44" /><ffamily value="segoe ui" /><fweight value="bold" /><padding value="5px" /><fbgcolor value="000000" /><transparent value="100" /><border_width value="2" /><border_style value="none" /><border_color value="FFFFFF" /><border_radius value="2px" /><shadow value="" /><image_url value="" /><image_width value="0" /><image_height value="0" /><image_scale value="on" /><alt value="" /><imgtransparent value="0" /><social_button value="" /><hover_color value="" /><layer_effect_in value="fadeIn" /><duration_eff_in value="1100" /><layer_effect_out value="none" /><duration_eff_out value="1000" /><target_attr_layer value="1" /><hotp_width value="0" /><hotp_fbgcolor value="" /><hotp_border_width value="0" /><hotp_border_style value="" /><hotp_border_color value="" /><hotp_border_radius value="" /><hotp_text_position value="" /></layer><layer><id value="2014" /><title value="Layer 31" /><slide_id value="208" /><type value="text" /><depth value="1" /><text value="&lt;div align=&quot;center&quot; style=&quot;font-size:15px;&quot;&gt; Slider plugin is a responsive, intuitive multi-layer slider. It allows adding elegant and sleek sliders to your posts, pages, as well as for the theme header or another custom location using PHP function. The plugin has a large number of transition effects, supports both videos (YouTube, Vimeo) and images of various file formats.&lt;/div&gt;" /><link value="" /><left value="565" /><top value="92" /><start value="1000" /><end value="1000" /><published value="1" /><color value="FFFFFF" /><size value="18" /><ffamily value="segoe ui" /><fweight value="lighter" /><padding value="5px" /><fbgcolor value="000000" /><transparent value="100" /><border_width value="2" /><border_style value="none" /><border_color value="FFFFFF" /><border_radius value="2px" /><shadow value="" /><image_url value="" /><image_width value="42" /><image_height value="10" /><image_scale value="on" /><alt value="" /><imgtransparent value="0" /><social_button value="" /><hover_color value="" /><layer_effect_in value="fadeIn" /><duration_eff_in value="1100" /><layer_effect_out value="none" /><duration_eff_out value="1000" /><target_attr_layer value="1" /><hotp_width value="0" /><hotp_fbgcolor value="" /><hotp_border_width value="0" /><hotp_border_style value="" /><hotp_border_color value="" /><hotp_border_radius value="" /><hotp_text_position value="" /></layer></slide><slide><id value="210" /><slider_id value="74" /><title value="Slide 2" /><type value="image" /><image_url value="@#$%23.png" /><thumb_url value="@#$%23.png" /><published value="1" /><link value="" /><order value="2" /><target_attr_slide value="1" /><layer><id value="2016" /><title value="Layer 1" /><slide_id value="210" /><type value="image" /><depth value="6" /><text value="" /><link value="" /><left value="208" /><top value="91" /><start value="1000" /><end value="1300" /><published value="1" /><color value="" /><size value="0" /><ffamily value="" /><fweight value="" /><padding value="" /><fbgcolor value="" /><transparent value="0" /><border_width value="2" /><border_style value="none" /><border_color value="FFFFFF" /><border_radius value="2px" /><shadow value="" /><image_url value="@#$%63.png" /><image_width value="140" /><image_height value="140" /><image_scale value="on" /><alt value="" /><imgtransparent value="0" /><social_button value="" /><hover_color value="" /><layer_effect_in value="fadeInLeft" /><duration_eff_in value="1200" /><layer_effect_out value="none" /><duration_eff_out value="1000" /><target_attr_layer value="1" /><hotp_width value="0" /><hotp_fbgcolor value="" /><hotp_border_width value="0" /><hotp_border_style value="" /><hotp_border_color value="" /><hotp_border_radius value="" /><hotp_text_position value="" /></layer><layer><id value="2018" /><title value="Layer 2" /><slide_id value="210" /><type value="image" /><depth value="7" /><text value="" /><link value="" /><left value="122" /><top value="452" /><start value="2200" /><end value="2500" /><published value="1" /><color value="" /><size value="0" /><ffamily value="" /><fweight value="" /><padding value="" /><fbgcolor value="" /><transparent value="0" /><border_width value="2" /><border_style value="none" /><border_color value="FFFFFF" /><border_radius value="2px" /><shadow value="" /><image_url value="@#$%64.png" /><image_width value="140" /><image_height value="140" /><image_scale value="on" /><alt value="" /><imgtransparent value="0" /><social_button value="" /><hover_color value="" /><layer_effect_in value="fadeInLeft" /><duration_eff_in value="2400" /><layer_effect_out value="none" /><duration_eff_out value="1000" /><target_attr_layer value="1" /><hotp_width value="0" /><hotp_fbgcolor value="" /><hotp_border_width value="0" /><hotp_border_style value="" /><hotp_border_color value="" /><hotp_border_radius value="" /><hotp_text_position value="" /></layer><layer><id value="2020" /><title value="Layer 3" /><slide_id value="210" /><type value="image" /><depth value="3" /><text value="" /><link value="" /><left value="87" /><top value="76" /><start value="1000" /><end value="1000" /><published value="1" /><color value="" /><size value="0" /><ffamily value="" /><fweight value="" /><padding value="" /><fbgcolor value="" /><transparent value="0" /><border_width value="2" /><border_style value="none" /><border_color value="FFFFFF" /><border_radius value="2px" /><shadow value="" /><image_url value="@#$%30.png" /><image_width value="712" /><image_height value="724" /><image_scale value="on" /><alt value="" /><imgtransparent value="0" /><social_button value="" /><hover_color value="" /><layer_effect_in value="fadeIn" /><duration_eff_in value="1100" /><layer_effect_out value="none" /><duration_eff_out value="1000" /><target_attr_layer value="1" /><hotp_width value="0" /><hotp_fbgcolor value="" /><hotp_border_width value="0" /><hotp_border_style value="" /><hotp_border_color value="" /><hotp_border_radius value="" /><hotp_text_position value="" /></layer><layer><id value="2022" /><title value="Layer 4" /><slide_id value="210" /><type value="text" /><depth value="4" /><text value="Possibility of adding unlimited videos  for each slider." /><link value="" /><left value="338" /><top value="139" /><start value="1800" /><end value="1000" /><published value="1" /><color value="FFFFFF" /><size value="16" /><ffamily value="segoe ui" /><fweight value="normal" /><padding value="7px 7px 7px 20px" /><fbgcolor value="12A4D6" /><transparent value="0" /><border_width value="1" /><border_style value="solid" /><border_color value="5B6160" /><border_radius value="6px" /><shadow value="" /><image_url value="" /><image_width value="0" /><image_height value="0" /><image_scale value="on" /><alt value="" /><imgtransparent value="0" /><social_button value="" /><hover_color value="" /><layer_effect_in value="fadeIn" /><duration_eff_in value="2000" /><layer_effect_out value="none" /><duration_eff_out value="1000" /><target_attr_layer value="1" /><hotp_width value="0" /><hotp_fbgcolor value="" /><hotp_border_width value="0" /><hotp_border_style value="" /><hotp_border_color value="" /><hotp_border_radius value="" /><hotp_text_position value="" /></layer><layer><id value="2024" /><title value="Layer 5" /><slide_id value="210" /><type value="text" /><depth value="5" /><text value="Possibility of adding unlimited images  for each slider." /><link value="" /><left value="252" /><top value="498" /><start value="2800" /><end value="3100" /><published value="1" /><color value="FFFFFF" /><size value="16" /><ffamily value="segoe ui" /><fweight value="normal" /><padding value="7px 7px 7px 20px" /><fbgcolor value="12A4D6" /><transparent value="0" /><border_width value="1" /><border_style value="solid" /><border_color value="5B6160" /><border_radius value="6px" /><shadow value="" /><image_url value="" /><image_width value="0" /><image_height value="0" /><image_scale value="on" /><alt value="" /><imgtransparent value="0" /><social_button value="" /><hover_color value="" /><layer_effect_in value="fadeIn" /><duration_eff_in value="3000" /><layer_effect_out value="none" /><duration_eff_out value="1000" /><target_attr_layer value="1" /><hotp_width value="0" /><hotp_fbgcolor value="" /><hotp_border_width value="0" /><hotp_border_style value="" /><hotp_border_color value="" /><hotp_border_radius value="" /><hotp_text_position value="" /></layer><layer><id value="2026" /><title value="Layer 6" /><slide_id value="210" /><type value="image" /><depth value="8" /><text value="" /><link value="" /><left value="891" /><top value="470" /><start value="3100" /><end value="3200" /><published value="1" /><color value="" /><size value="0" /><ffamily value="" /><fweight value="" /><padding value="" /><fbgcolor value="" /><transparent value="0" /><border_width value="2" /><border_style value="none" /><border_color value="FFFFFF" /><border_radius value="2px" /><shadow value="" /><image_url value="@#$%26.png" /><image_width value="60" /><image_height value="60" /><image_scale value="on" /><alt value="" /><imgtransparent value="0" /><social_button value="" /><hover_color value="" /><layer_effect_in value="fadeInRight" /><duration_eff_in value="1000" /><layer_effect_out value="none" /><duration_eff_out value="1000" /><target_attr_layer value="1" /><hotp_width value="0" /><hotp_fbgcolor value="" /><hotp_border_width value="0" /><hotp_border_style value="" /><hotp_border_color value="" /><hotp_border_radius value="" /><hotp_text_position value="" /></layer><layer><id value="2028" /><title value="Layer 7" /><slide_id value="210" /><type value="image" /><depth value="9" /><text value="" /><link value="" /><left value="890" /><top value="560" /><start value="3100" /><end value="3200" /><published value="1" /><color value="" /><size value="0" /><ffamily value="" /><fweight value="" /><padding value="" /><fbgcolor value="" /><transparent value="0" /><border_width value="2" /><border_style value="none" /><border_color value="FFFFFF" /><border_radius value="2px" /><shadow value="" /><image_url value="@#$%31.png" /><image_width value="60" /><image_height value="60" /><image_scale value="on" /><alt value="" /><imgtransparent value="0" /><social_button value="" /><hover_color value="" /><layer_effect_in value="fadeInRight" /><duration_eff_in value="1000" /><layer_effect_out value="none" /><duration_eff_out value="1000" /><target_attr_layer value="1" /><hotp_width value="0" /><hotp_fbgcolor value="" /><hotp_border_width value="0" /><hotp_border_style value="" /><hotp_border_color value="" /><hotp_border_radius value="" /><hotp_text_position value="" /></layer><layer><id value="2030" /><title value="Layer 8" /><slide_id value="210" /><type value="image" /><depth value="10" /><text value="" /><link value="" /><left value="1270" /><top value="470" /><start value="3400" /><end value="3500" /><published value="1" /><color value="" /><size value="0" /><ffamily value="" /><fweight value="" /><padding value="" /><fbgcolor value="" /><transparent value="0" /><border_width value="2" /><border_style value="none" /><border_color value="FFFFFF" /><border_radius value="2px" /><shadow value="" /><image_url value="@#$%32.png" /><image_width value="60" /><image_height value="60" /><image_scale value="on" /><alt value="" /><imgtransparent value="0" /><social_button value="" /><hover_color value="" /><layer_effect_in value="fadeInRight" /><duration_eff_in value="1000" /><layer_effect_out value="none" /><duration_eff_out value="1000" /><target_attr_layer value="1" /><hotp_width value="0" /><hotp_fbgcolor value="" /><hotp_border_width value="0" /><hotp_border_style value="" /><hotp_border_color value="" /><hotp_border_radius value="" /><hotp_text_position value="" /></layer><layer><id value="2032" /><title value="Layer 9" /><slide_id value="210" /><type value="image" /><depth value="11" /><text value="" /><link value="" /><left value="890" /><top value="380" /><start value="3100" /><end value="3200" /><published value="1" /><color value="" /><size value="0" /><ffamily value="" /><fweight value="" /><padding value="" /><fbgcolor value="" /><transparent value="0" /><border_width value="2" /><border_style value="none" /><border_color value="FFFFFF" /><border_radius value="2px" /><shadow value="" /><image_url value="@#$%42.png" /><image_width value="60" /><image_height value="60" /><image_scale value="on" /><alt value="" /><imgtransparent value="0" /><social_button value="" /><hover_color value="" /><layer_effect_in value="fadeInRight" /><duration_eff_in value="1000" /><layer_effect_out value="none" /><duration_eff_out value="1000" /><target_attr_layer value="1" /><hotp_width value="0" /><hotp_fbgcolor value="" /><hotp_border_width value="0" /><hotp_border_style value="" /><hotp_border_color value="" /><hotp_border_radius value="" /><hotp_text_position value="" /></layer><layer><id value="2034" /><title value="Layer 10" /><slide_id value="210" /><type value="image" /><depth value="12" /><text value="" /><link value="" /><left value="1270" /><top value="380" /><start value="3400" /><end value="3500" /><published value="1" /><color value="" /><size value="0" /><ffamily value="" /><fweight value="" /><padding value="" /><fbgcolor value="" /><transparent value="0" /><border_width value="2" /><border_style value="none" /><border_color value="FFFFFF" /><border_radius value="2px" /><shadow value="" /><image_url value="@#$%50.png" /><image_width value="60" /><image_height value="60" /><image_scale value="on" /><alt value="" /><imgtransparent value="0" /><social_button value="" /><hover_color value="" /><layer_effect_in value="fadeInRight" /><duration_eff_in value="1000" /><layer_effect_out value="none" /><duration_eff_out value="1000" /><target_attr_layer value="1" /><hotp_width value="0" /><hotp_fbgcolor value="" /><hotp_border_width value="0" /><hotp_border_style value="" /><hotp_border_color value="" /><hotp_border_radius value="" /><hotp_text_position value="" /></layer><layer><id value="2036" /><title value="Layer 11" /><slide_id value="210" /><type value="image" /><depth value="13" /><text value="" /><link value="" /><left value="1270" /><top value="560" /><start value="3400" /><end value="3500" /><published value="1" /><color value="" /><size value="0" /><ffamily value="" /><fweight value="" /><padding value="" /><fbgcolor value="" /><transparent value="0" /><border_width value="2" /><border_style value="none" /><border_color value="FFFFFF" /><border_radius value="2px" /><shadow value="" /><image_url value="@#$%55.png" /><image_width value="60" /><image_height value="60" /><image_scale value="on" /><alt value="" /><imgtransparent value="0" /><social_button value="" /><hover_color value="" /><layer_effect_in value="fadeInRight" /><duration_eff_in value="1000" /><layer_effect_out value="none" /><duration_eff_out value="1000" /><target_attr_layer value="1" /><hotp_width value="0" /><hotp_fbgcolor value="" /><hotp_border_width value="0" /><hotp_border_style value="" /><hotp_border_color value="" /><hotp_border_radius value="" /><hotp_text_position value="" /></layer><layer><id value="2038" /><title value="Layer 12" /><slide_id value="210" /><type value="text" /><depth value="2" /><text value="Basic features of Slider WD" /><link value="" /><left value="890" /><top value="258" /><start value="3000" /><end value="3100" /><published value="1" /><color value="FFFFFF" /><size value="44" /><ffamily value="segoe ui" /><fweight value="lighter" /><padding value="12px 30px 12px 30px" /><fbgcolor value="000000" /><transparent value="0" /><border_width value="2" /><border_style value="none" /><border_color value="FFFFFF" /><border_radius value="20px" /><shadow value="" /><image_url value="" /><image_width value="0" /><image_height value="0" /><image_scale value="on" /><alt value="" /><imgtransparent value="0" /><social_button value="" /><hover_color value="" /><layer_effect_in value="fadeInRight" /><duration_eff_in value="1000" /><layer_effect_out value="none" /><duration_eff_out value="1000" /><target_attr_layer value="1" /><hotp_width value="0" /><hotp_fbgcolor value="" /><hotp_border_width value="0" /><hotp_border_style value="" /><hotp_border_color value="" /><hotp_border_radius value="" /><hotp_text_position value="" /></layer><layer><id value="2040" /><title value="Layer 13" /><slide_id value="210" /><type value="text" /><depth value="1" /><text value="Responsiveness" /><link value="" /><left value="964" /><top value="391" /><start value="3500" /><end value="3600" /><published value="1" /><color value="000000" /><size value="22" /><ffamily value="segoe ui" /><fweight value="normal" /><padding value="5px" /><fbgcolor value="000000" /><transparent value="100" /><border_width value="2" /><border_style value="none" /><border_color value="FFFFFF" /><border_radius value="2px" /><shadow value="" /><image_url value="" /><image_width value="0" /><image_height value="0" /><image_scale value="on" /><alt value="" /><imgtransparent value="0" /><social_button value="" /><hover_color value="" /><layer_effect_in value="fadeIn" /><duration_eff_in value="1000" /><layer_effect_out value="none" /><duration_eff_out value="1000" /><target_attr_layer value="1" /><hotp_width value="0" /><hotp_fbgcolor value="" /><hotp_border_width value="0" /><hotp_border_style value="" /><hotp_border_color value="" /><hotp_border_radius value="" /><hotp_text_position value="" /></layer><layer><id value="2042" /><title value="Layer 14" /><slide_id value="210" /><type value="text" /><depth value="14" /><text value="Custom CSS support" /><link value="" /><left value="964" /><top value="484" /><start value="3500" /><end value="3600" /><published value="1" /><color value="000000" /><size value="22" /><ffamily value="segoe ui" /><fweight value="normal" /><padding value="5px" /><fbgcolor value="000000" /><transparent value="100" /><border_width value="2" /><border_style value="none" /><border_color value="FFFFFF" /><border_radius value="2px" /><shadow value="" /><image_url value="" /><image_width value="0" /><image_height value="0" /><image_scale value="on" /><alt value="" /><imgtransparent value="0" /><social_button value="" /><hover_color value="" /><layer_effect_in value="fadeIn" /><duration_eff_in value="1000" /><layer_effect_out value="none" /><duration_eff_out value="1000" /><target_attr_layer value="1" /><hotp_width value="0" /><hotp_fbgcolor value="" /><hotp_border_width value="0" /><hotp_border_style value="" /><hotp_border_color value="" /><hotp_border_radius value="" /><hotp_text_position value="" /></layer><layer><id value="2044" /><title value="Layer 15" /><slide_id value="210" /><type value="text" /><depth value="15" /><text value="38 layer effects" /><link value="" /><left value="964" /><top value="574" /><start value="3500" /><end value="3600" /><published value="1" /><color value="000000" /><size value="22" /><ffamily value="segoe ui" /><fweight value="normal" /><padding value="5px" /><fbgcolor value="000000" /><transparent value="100" /><border_width value="2" /><border_style value="none" /><border_color value="FFFFFF" /><border_radius value="2px" /><shadow value="" /><image_url value="" /><image_width value="0" /><image_height value="0" /><image_scale value="on" /><alt value="" /><imgtransparent value="0" /><social_button value="" /><hover_color value="" /><layer_effect_in value="fadeIn" /><duration_eff_in value="1000" /><layer_effect_out value="none" /><duration_eff_out value="1000" /><target_attr_layer value="1" /><hotp_width value="0" /><hotp_fbgcolor value="" /><hotp_border_width value="0" /><hotp_border_style value="" /><hotp_border_color value="" /><hotp_border_radius value="" /><hotp_text_position value="" /></layer><layer><id value="2046" /><title value="Layer 16" /><slide_id value="210" /><type value="text" /><depth value="16" /><text value="Slider share feature for sliders" /><link value="" /><left value="1342" /><top value="395" /><start value="3500" /><end value="3600" /><published value="1" /><color value="000000" /><size value="22" /><ffamily value="segoe ui" /><fweight value="normal" /><padding value="5px" /><fbgcolor value="000000" /><transparent value="100" /><border_width value="2" /><border_style value="none" /><border_color value="FFFFFF" /><border_radius value="2px" /><shadow value="" /><image_url value="" /><image_width value="0" /><image_height value="0" /><image_scale value="on" /><alt value="" /><imgtransparent value="0" /><social_button value="" /><hover_color value="" /><layer_effect_in value="fadeIn" /><duration_eff_in value="1000" /><layer_effect_out value="none" /><duration_eff_out value="1000" /><target_attr_layer value="1" /><hotp_width value="0" /><hotp_fbgcolor value="" /><hotp_border_width value="0" /><hotp_border_style value="" /><hotp_border_color value="" /><hotp_border_radius value="" /><hotp_text_position value="" /></layer><layer><id value="2048" /><title value="Layer 17" /><slide_id value="210" /><type value="text" /><depth value="17" /><text value="Navigation buttons and bullet styles" /><link value="" /><left value="1342" /><top value="482" /><start value="3500" /><end value="3600" /><published value="1" /><color value="000000" /><size value="22" /><ffamily value="segoe ui" /><fweight value="normal" /><padding value="5px" /><fbgcolor value="000000" /><transparent value="100" /><border_width value="2" /><border_style value="none" /><border_color value="FFFFFF" /><border_radius value="2px" /><shadow value="" /><image_url value="" /><image_width value="0" /><image_height value="0" /><image_scale value="on" /><alt value="" /><imgtransparent value="0" /><social_button value="" /><hover_color value="" /><layer_effect_in value="fadeIn" /><duration_eff_in value="1000" /><layer_effect_out value="none" /><duration_eff_out value="1000" /><target_attr_layer value="1" /><hotp_width value="0" /><hotp_fbgcolor value="" /><hotp_border_width value="0" /><hotp_border_style value="" /><hotp_border_color value="" /><hotp_border_radius value="" /><hotp_text_position value="" /></layer><layer><id value="2050" /><title value="Layer 18" /><slide_id value="210" /><type value="text" /><depth value="18" /><text value="Video Slide support(YouTube and Vimeo)" /><link value="" /><left value="1342" /><top value="574" /><start value="3500" /><end value="3600" /><published value="1" /><color value="000000" /><size value="22" /><ffamily value="segoe ui" /><fweight value="normal" /><padding value="5px" /><fbgcolor value="000000" /><transparent value="100" /><border_width value="2" /><border_style value="none" /><border_color value="FFFFFF" /><border_radius value="2px" /><shadow value="" /><image_url value="" /><image_width value="0" /><image_height value="0" /><image_scale value="on" /><alt value="" /><imgtransparent value="0" /><social_button value="" /><hover_color value="" /><layer_effect_in value="fadeIn" /><duration_eff_in value="1000" /><layer_effect_out value="none" /><duration_eff_out value="1000" /><target_attr_layer value="1" /><hotp_width value="0" /><hotp_fbgcolor value="" /><hotp_border_width value="0" /><hotp_border_style value="" /><hotp_border_color value="" /><hotp_border_radius value="" /><hotp_text_position value="" /></layer></slide><slide><id value="212" /><slider_id value="74" /><title value="Slide 3" /><type value="image" /><image_url value="@#$%24.png" /><thumb_url value="@#$%24.png" /><published value="1" /><link value="" /><order value="3" /><target_attr_slide value="1" /><layer><id value="2052" /><title value="Layer 1" /><slide_id value="212" /><type value="image" /><depth value="3" /><text value="" /><link value="" /><left value="760" /><top value="140" /><start value="1000" /><end value="2000" /><published value="1" /><color value="" /><size value="0" /><ffamily value="" /><fweight value="" /><padding value="" /><fbgcolor value="" /><transparent value="0" /><border_width value="2" /><border_style value="none" /><border_color value="FFFFFF" /><border_radius value="2px" /><shadow value="" /><image_url value="@#$%58.png" /><image_width value="383" /><image_height value="382" /><image_scale value="on" /><alt value="" /><imgtransparent value="0" /><social_button value="" /><hover_color value="" /><layer_effect_in value="fadeInDown" /><duration_eff_in value="1000" /><layer_effect_out value="none" /><duration_eff_out value="1000" /><target_attr_layer value="1" /><hotp_width value="0" /><hotp_fbgcolor value="" /><hotp_border_width value="0" /><hotp_border_style value="" /><hotp_border_color value="" /><hotp_border_radius value="" /><hotp_text_position value="" /></layer><layer><id value="2054" /><title value="Layer 2" /><slide_id value="212" /><type value="image" /><depth value="4" /><text value="" /><link value="" /><left value="842" /><top value="242" /><start value="2000" /><end value="3000" /><published value="1" /><color value="" /><size value="0" /><ffamily value="" /><fweight value="" /><padding value="" /><fbgcolor value="" /><transparent value="0" /><border_width value="2" /><border_style value="none" /><border_color value="FFFFFF" /><border_radius value="2px" /><shadow value="" /><image_url value="@#$%59.png" /><image_width value="299" /><image_height value="278" /><image_scale value="on" /><alt value="" /><imgtransparent value="0" /><social_button value="" /><hover_color value="" /><layer_effect_in value="fadeIn" /><duration_eff_in value="1500" /><layer_effect_out value="none" /><duration_eff_out value="1000" /><target_attr_layer value="1" /><hotp_width value="0" /><hotp_fbgcolor value="" /><hotp_border_width value="0" /><hotp_border_style value="" /><hotp_border_color value="" /><hotp_border_radius value="" /><hotp_text_position value="" /></layer><layer><id value="2056" /><title value="Layer 3" /><slide_id value="212" /><type value="image" /><depth value="2" /><text value="" /><link value="" /><left value="849" /><top value="162" /><start value="2000" /><end value="3000" /><published value="1" /><color value="" /><size value="0" /><ffamily value="" /><fweight value="" /><padding value="" /><fbgcolor value="" /><transparent value="0" /><border_width value="2" /><border_style value="none" /><border_color value="FFFFFF" /><border_radius value="2px" /><shadow value="" /><image_url value="@#$%60.png" /><image_width value="629" /><image_height value="521" /><image_scale value="on" /><alt value="" /><imgtransparent value="0" /><social_button value="" /><hover_color value="" /><layer_effect_in value="fadeIn" /><duration_eff_in value="1500" /><layer_effect_out value="none" /><duration_eff_out value="1000" /><target_attr_layer value="1" /><hotp_width value="0" /><hotp_fbgcolor value="" /><hotp_border_width value="0" /><hotp_border_style value="" /><hotp_border_color value="" /><hotp_border_radius value="" /><hotp_text_position value="" /></layer><layer><id value="2058" /><title value="Layer 4" /><slide_id value="212" /><type value="text" /><depth value="1" /><text value="WD Slider PRO for WordPress" /><link value="" /><left value="510" /><top value="627" /><start value="4000" /><end value="5000" /><published value="1" /><color value="FFFFFF" /><size value="50" /><ffamily value="segoe ui" /><fweight value="lighter" /><padding value="13px 140px 13px 140px " /><fbgcolor value="000000" /><transparent value="0" /><border_width value="5" /><border_style value="solid" /><border_color value="000000" /><border_radius value="10px" /><shadow value="" /><image_url value="" /><image_width value="0" /><image_height value="0" /><image_scale value="on" /><alt value="" /><imgtransparent value="0" /><social_button value="" /><hover_color value="" /><layer_effect_in value="zoomIn" /><duration_eff_in value="4000" /><layer_effect_out value="none" /><duration_eff_out value="1000" /><target_attr_layer value="1" /><hotp_width value="0" /><hotp_fbgcolor value="" /><hotp_border_width value="0" /><hotp_border_style value="" /><hotp_border_color value="" /><hotp_border_radius value="" /><hotp_text_position value="" /></layer></slide></slider></sliders>