<wpml-config>
	<admin-texts>
		<key name="wc_settings_prdctfltr_title" />
		<key name="wc_settings_prdctfltr_submit" />
		<key name="wc_settings_prdctfltr_noproducts" />
		<key name="wc_settings_prdctfltr_orderby_title" />
		<key name="wc_settings_prdctfltr_orderby_description" />
		<key name="wc_settings_prdctfltr_perpage_title" />
		<key name="wc_settings_prdctfltr_perpage_description" />
		<key name="wc_settings_prdctfltr_perpage_label" />
		<key name="wc_settings_prdctfltr_instock_title" />
		<key name="wc_settings_prdctfltr_instock_description" />
		<key name="wc_settings_prdctfltr_price_title" />
		<key name="wc_settings_prdctfltr_price_description" />
		<key name="wc_settings_prdctfltr_cat_title" />
		<key name="wc_settings_prdctfltr_cat_description" />
		<key name="wc_settings_prdctfltr_tag_title" />
		<key name="wc_settings_prdctfltr_tag_description" />
		<key name="wc_settings_prdctfltr_custom_tax_title" />
		<key name="wc_settings_prdctfltr_custom_tax_description" />
		<!--

			Add your attributes and custom taxonomies title translations here like shown in the example bellow.

			E.G. Attribute: Color / slug: color

			<key name="wc_settings_prdctfltr_pa_color_title" />
			<key name="wc_settings_prdctfltr_pa_color_description" />

		-->
		<key name="wc_settings_prdctfltr_advanced_filters" />
		<key name="wc_settings_prdctfltr_range_filters" />
		<key name="prdctfltr_templates" />
	</admin-texts>
</wpml-config>